id,title,income,company,education
1,Wood carver,213516,Jeanna's Frugal Payroll Supervisors,PHD
2,Chiropractor,74473,Ashia's Dry Saleswomans,JD
3,Servant,80337,Esther's Incompatible Golf Club Professionals,PHD
4,Systems analyst,363269,Dyna's Irritating Welders,MD
5,Repairer,958652,Joeann's Quintessential Studio Managers,Trade
6,Magician,151794,Lyndell's Sick Timber Workers,MD
7,Sales director,136216,Lillis's Flippant Cafe Workers,Highschool
8,Thermal engineer,924286,Ronnie's Metallic School Inspectors,Trade
9,Transport planner,920959,Ann's Gleeful Health Services,PHD
10,Press officer,198388,Lane's Studious Travel Clerks,JD
11,Restorer,868203,Noellyn's Delayed Machine Minders,MD
12,Tractor mechanic,966842,Glynnis's Soft Pattern Cutters,Highschool
13,Production engineer,642878,Georgette's Roasted Outreach Workers,JD
14,Tachograph analyst,897045,Cammy's Mean Casual Workers,JD
15,Planning officer,654749,Leslie's Second-hand Buyers,PHD
16,Haulage contractor,171419,Jaquenette's Closed Metal Engineers,MD
17,Negotiator,464919,Eleanor's Fearful Consultants,BS
18,Stocktaker,55338,Elke's Rusty Homeopaths,MD
19,Newsagent,7947,Lyssa's Fair Machine Operators,PHD
20,Hawker,662599,Randi's Zany IT Managers,MS
21,Taxi driver,445641,Frieda's Conventional Medal Dealers,BS
22,Flour miller,34211,Wilhelmine's Good-natured Sales Engineers,JD
23,Thermal engineer,785488,Deanne's Profitable Bank Clerks,MS
24,Kitchen worker,52060,Lisabeth's Deficient Medical Technicians,BS
25,Product installer,656237,Caro's Novel Hod Carriers,MS
26,Hospital technician,129892,Carla's Squeaky Repairers,MD
27,Turkey farmer,818110,Bryana's Grizzled HGV Mechanics,PHD
28,Sports administrator,221479,Nanete's Treasured Car Delivery Drivers,Trade
29,Payroll clerk,70953,Adella's Blaring Coroners,Trade
30,Production engineer,45129,Billy's Imperfect Nannys,BS
31,Cameraman,71458,Hildagarde's Single Publicans,MD
32,Pig manager,970706,Tansy's Enchanted China Restorers,MS
33,Youth worker,888898,Averil's Grandiose Marine Pilots,Highschool
34,Motor engineer,916427,Kathleen's Important Historians,Highschool
35,Furrier,999455,Brandea's Untrue Tug Skippers,Highschool
36,Theatre manager,74084,Dniren's Simplistic Horse Dealers,Trade
37,Theatrical agent,266060,Wendeline's Instructive Keep Fit Instructors,JD
38,Park ranger,410569,Erminia's Upbeat Picture Reseachers,MD
39,Antique dealer,630457,Annabela's Forthright Software Engineers,MD
40,Investment advisor,795543,Fancie's Beneficial Payroll Clerks,MS
41,Video artist,776396,Aeriela's Ultimate Production Hands,BS
42,Trout farmer,45857,Deva's Political Grave Diggers,JD
43,Carpenter,525610,Eilis's Plaintive Cable Contractors,JD
44,Quality controller,864275,Ashil's Content Bill Posters,Trade
45,Au pair,640353,Cassey's Easy Seamstresss,BS
46,Technical co-ordinator,77511,Sherie's Which Marketing Assistants,MS
47,Cartoonist,811383,Briny's Ideal Applications Programmers,Trade
48,Roof tiler,88026,Evelina's Useless Employments,MD
49,Cargo operator,647643,Margarete's Jubilant Organisers,BS
50,Potter,263157,Valencia's Awkward Tattooists,MD
51,Manufacturing,665214,Juli's Calm Hypnotherapists,Highschool
52,Almoner,16452,Dorella's Pristine Safety Officers,Highschool
53,Building control,686106,Demetria's Tense Millers,MD
54,Saw miller,903566,Milena's Exhausted Project Leaders,JD
55,Valve technician,74902,Mersey's Fragrant Barmaids,MS
56,Boat builder,359331,Odella's Mammoth Nursery Nurses,JD
57,Optometrist,903660,Esta's Unimportant Writers,MD
58,School inspector,317201,Adelaida's Zigzag Producers,MD
59,Map mounter,26732,Alida's False Branch Managers,JD
60,Video artist,247173,Rennie's Drafty Telemarketeers,BS
61,Assistant,915160,Karisa's Famous Bursars,Highschool
62,Sales support,13594,Idalia's Weekly Locum Pharmacists,Trade
63,Fuel merchant,746085,Clemence's Fortunate Stocktakers,MD
64,Warehouse manager,466248,Eunice's Voluminous Baptist Ministers,MS
65,Hgv driver,504649,Marline's Extra-large Refuse Collectors,Trade
66,Reporter,725012,Kelcie's Granular Archaeologists,BS
67,Saw miller,752101,Fey's Ample Project Leaders,PHD
68,Stage director,495861,Nariko's Trustworthy Transport Planners,MD
69,Nursing sister,509034,Rubina's Clever Envoys,Highschool
70,Applications programmer,624838,Cammy's Huge Veterinary Surgeons,PHD
71,Caretaker,388705,Ricki's Stale Ornamentals,Highschool
72,Meter reader,418002,Marnia's Apprehensive Tea Tasters,MD
73,Map mounter,165370,Wilona's Far-flung Warehouse Managers,BS
74,Radiographer,59874,Belle's Unselfish Housewifes,JD
75,Calibration manager,147437,Audy's Gray Probation Officers,Trade
76,Counsellor,818980,Austina's Peaceful Sales Engineers,PHD
77,Minicab driver,397436,Barbe's Virtuous Bakery Assistants,Highschool
78,Security officer,565331,Van's Outstanding Mining Engineers,MD
79,Toll collector,949123,Cornela's Attached Labourers,BS
80,It consultant,503378,Eva's Rusty Mining Engineers,MS
81,Advertising assistant,106521,Dacie's Delectable Rent Offcers,MD
82,Zoo manager,68327,Lana's Concerned Tree Fellers,MD
83,School inspector,207664,Teddy's Serpentine Hospital Wardens,MS
84,Economist,67388,Lidia's Satisfied Executives,Trade
85,Cleaner,361450,Ollie's Colorful Gynaecologists,JD
86,Assistant,82988,Rosy's Sticky Van Drivers,BS
87,Labelling operator,914732,Georgette's Welcome Jazz Composers,Highschool
88,Sound engineer,492674,Hollyanne's Electric Manufacturings,MD
89,Butcher,713377,Esmaria's Embarrassed Typesetters,JD
90,Packer,951556,Kally's Fantastic Road Safety Officers,PHD
91,Plant driver,770616,Johna's Outlying Mortgage Brokers,PHD
92,Health therapist,220465,Abra's Palatable Sportswomans,PHD
93,Pipe insulator,303798,Glen's Vibrant Groundsmans,MD
94,Flour miller,518434,Meg's Sane Inventors,JD
95,Economist,747799,Mireielle's Deficient Instrument Engineers,PHD
96,Telemarketeer,894972,Erda's Failing Property Dealers,JD
97,Car valet,212688,Roana's Straight Knitters,MS
98,Claims adjustor,536697,Bili's Insidious Milkmans,Trade
99,Assistant,536231,Kirstin's Delectable General Practitioners,MS
100,Golf club professional,459150,Bonny's Free Probation Workers,MS
101,Racing organiser,215720,Kissee's Lovable Planning Technicians,BS
102,Receptionist,604888,Rea's Scientific Podiatrists,BS
103,Safety officer,41241,Lorilyn's Accomplished Hospital Managers,BS
104,Marine electrician,222648,Aggi's Wry Student Nurses,Trade
105,Nursing sister,854719,Deena's Sore Technical Assistants,BS
106,Travel guide,975283,Carmela's Helpless Immigration Officers,PHD
107,Labelling operator,302265,Davina's Ideal Insurance Inspectors,BS
108,Sales representative,596782,Celinka's Torn Ticket Inspectors,MD
109,Land agent,915144,Bert's Cooked Carpet Retailers,Trade
110,Agent,939112,Pam's Blaring Home Economists,MD
111,Telemarketeer,645340,Harri's Limp Technical Authors,Highschool
112,Premises,528154,Beatrice's Safe Pipe Inspectors,JD
113,Farmer,263001,Annmarie's Weepy Car Valets,PHD
114,Health consultant,649862,Tabina's Incomplete Production Hands,MD
115,Archaeologist,685276,Mil's Other Stage Directors,Trade
116,Partition erector,222259,Bili's Yellowish Welfare Officers,BS
117,Booking clerk,373501,Meredithe's Outstanding Staff Nurses,Highschool
118,Undertaker,439488,Belvia's Oblong Typesetters,JD
119,Cinema manager,238266,Elva's Steep Production Hands,MD
120,Homeworker,795285,Alicia's Gloomy Training Managers,Trade
121,Training assistant,14916,Betty's Hairy Doctors,MS
122,Tyre inspector,637323,Pam's Eager Security Consultants,Trade
123,Vehicle technician,969777,Jonis's Soggy Soldiers,MD
124,Shelter warden,717835,Dorotea's Unwritten Merchant Seamans,JD
125,Groundsman,781506,Kriste's Last Green Keepers,MS
126,Social worker,147114,Maegan's Infinite Money Brokers,JD
127,Gynaecologist,811897,Joeann's Treasured Shepherds,Trade
128,Bookmaker,929309,Ailsun's Dreary Sports Administrators,Highschool
129,Ground worker,265090,Carmine's Equal Seamans,MS
130,Thermal engineer,939806,Chantal's Uneven Nannys,Highschool
131,Radio director,393095,Deloria's Meaty Ambulance Controllers,Trade
132,Nutritionist,15146,Dasya's Immaterial Smallholders,MS
133,Road worker,372485,Catherine's Afraid Skippers,Highschool
134,Mill worker,553008,Clea's Ironclad Accounts Managers,MS
135,Advertising manager,699688,Robyn's Absolute Sales Administrators,JD
136,Joiner,269108,Gerianna's Green Auction Workers,PHD
137,Medical student,178053,Micki's Snoopy Sub-Postmasters,MD
138,Reflexologist,215687,Celie's Untrue Liaison Officers,JD
139,Clerk,380721,Nat's Periodic Welfare Assistants,MS
140,Chef,825497,Nina's Darling Floor Managers,Trade
141,Booking clerk,237548,Aurilia's Flickering Graphologists,MS
142,Patent attorney,853394,Juliette's Fantastic China Restorers,PHD
143,Physiotherapist,701012,Ammamaria's Whirlwind Bus Drivers,JD
144,Goods handler,314253,Glenn's Queasy Money Brokers,BS
145,Tax advisor,911606,Britta's Bright Sheet Metal Workers,Trade
146,Fireman,276224,Marinna's Insignificant Ironmongers,MD
147,Buyer,178516,Letizia's Conventional Agents,PHD
148,Optical assistant,700381,Leanna's Dimwitted Pallet Makers,MS
149,Mattress maker,703701,Wanda's Hilarious Laboratory Analysts,Trade
150,Payroll assistant,508286,Casie's Yearly Office Managers,MS
151,Entertainer,549459,Amelita's Mindless Locum Pharmacists,Trade
152,Medical advisor,768189,Lisabeth's Frosty Progress Chasers,BS
153,Plant driver,597859,Constantina's Improbable Foam Convertors,PHD
154,Merchandiser,409324,Em's Icy Meat Inspectors,MS
155,Balloonist,915423,Jobyna's Fragrant Tank Farm Operatives,BS
156,Town planner,233861,Theresina's Straight Artists,MD
157,Hire car driver,35078,Roseline's Bland Revenue Clerks,Trade
158,Machine fitters,92906,Bobinette's Mellow Tackers,PHD
159,Maid,859028,Corrie's Supportive Navigators,PHD
160,Lift engineer,420555,Debee's Gentle Tyre Inspectors,PHD
161,Insurance consultant,194190,Guendolen's Unrealistic Picture Framers,MD
162,Shepherd,105187,Phyllis's Amusing Armourers,MD
163,Tool maker,699015,Lavinia's Young Booking Agents,PHD
164,Tyre technician,336246,Evonne's Agile Employees,PHD
165,Sheet metal worker,76919,Wilmette's Made-up Home Helps,PHD
166,Licensing,401867,Viviyan's Cruel Animal Breeders,Highschool
167,Physiologist,128245,Nanny's Ample Councillors,Highschool
168,Pilot,379681,Giulietta's Last Trichologists,BS
169,Geophysicist,345550,Jena's Snarling Librarians,BS
170,Train driver,151103,Marijo's Unacceptable Metal Polishers,MS
171,Technical instructor,926045,Rosaleen's Whirlwind Golf Caddys,PHD
172,Research technician,77967,Meghann's Unruly Tax Managers,MD
173,Service engineer,486373,Maribeth's Carefree Purchase Ledger Clerks,Highschool
174,Assistant cook,920748,Eudora's Trim Assembly Workers,Highschool
175,Stage hand,647420,Albertine's Scrawny Chiropractors,MD
176,Tea taster,520937,Lynnet's Both Immigration Officers,MD
177,Flour miller,215169,Quinn's Sugary Aircraft Surface Finishers,MS
178,Special needs,198488,Elfrida's Wee Artists,BS
179,Medical technician,899708,Peggy's Pretty Tree Fellers,Trade
180,Skipper,140164,Wendy's Same Violin Makers,MD
181,Orthoptist,551672,Raina's Lonely Auditors,Highschool
182,Merchant,281458,Loutitia's Insidious Marquee Erectors,Trade
183,Cable contractor,178803,Cloris's Faraway Biochemists,Trade
184,Claims assessor,189399,Tiena's Revolving Tax Managers,BS
185,Housing assistant,284676,Ollie's Lanky Technical Assistants,MD
186,Tanker driver,856807,Ange's Nervous Payroll Managers,Trade
187,Rent offcer,619401,Leda's Spanish Hot Foil Printers,MD
188,Market researcher,135210,Candie's Sugary Health Consultants,MD
189,Technical engineer,430928,Arabel's Sad Stage Directors,Highschool
190,Property manager,527289,Tracey's Imperturbable Nursing Auxiliarys,Trade
191,Merchant seaman,76748,Lucina's Loose Maths Teachers,MD
192,Gambler,703604,Farica's Political Garage Foremans,BS
193,Pest controller,683172,Jacquelynn's Free Pattern Weavers,BS
194,Funeral furnisher,320373,Gilberta's Mixed Piano Teachers,MD
195,Instrument engineer,757285,Laureen's Untidy Theatre Managers,BS
196,Geophysicist,400813,Gelya's Astonishing Golf Caddys,PHD
197,Marine engineer,528674,Ebba's Elated Organists,PHD
198,Greengrocer,472504,Darryl's Fair Locum Pharmacists,MS
199,Investment manager,753609,Jerrine's Upbeat Tackers,Highschool
200,Blind assembler,330427,Evita's Tame Radiographers,Highschool
201,Medical assistant,767816,Tiphani's Rotating Property Valuers,PHD
202,Surgeon,690410,Moll's Silent Vehicle Technicians,BS
203,Telecommunications,762795,Lavena's Metallic Clairvoyants,BS
204,Licensee,118521,Leilah's Strident Ice Cream Vendors,BS
205,Health service,744341,Madge's Loyal Artss,Highschool
206,Professional racing,237723,Felicia's Agile Site Agents,Trade
207,Tug skipper,615851,Rasla's Flaky Reflexologists,BS
208,Brewer,885842,Berty's Hospitable Travel Clerks,Trade
209,Gas fitter,24982,Binnie's Regal Transcribers,Highschool
210,Literary agent,182211,Nertie's Thorough Florists,Trade
211,Meter reader,818962,Legra's Jaded Gardas,MS
212,Salesman,69082,Berny's Excitable Garage Managers,PHD
213,Trichologist,109332,Gerrilee's Double Prison Officers,Highschool
214,Press officer,424172,Esther's Amused Show Jumpers,Trade
215,Track worker,454554,Eleanora's Scented Marketing Assistants,JD
216,Paramedic,417456,Lotte's Offbeat Publicity Managers,MS
217,Newsagent,112119,Mona's Oblong Induction Moulders,MS
218,Secretary,463880,Franni's Difficult Motor Mechanics,MD
219,Line worker,9308,Marybeth's Feminine Executives,Highschool
220,Catering consultant,165348,Tiffy's Winding Meat Wholesalers,Highschool
221,Premises security,267971,Anissa's Giddy Motor Mechanics,BS
222,Catering consultant,393861,Nessi's Awkward Purchase Clerks,MD
223,Plant engineer,807940,Fianna's Monthly Bricklayers,PHD
224,Liaison officer,246428,Kimberli's Disgusting Instrument Engineers,JD
225,Hospital warden,622352,Karie's Far-flung Money Brokers,Trade
226,Rug maker,117382,Brittni's Brown Motor Fitters,JD
227,Professional boxer,518028,Claudia's Well-off Vehicle Engineers,JD
228,Welfare assistant,508088,Missie's Posh Plant Fitters,Trade
229,Tobacconist,417047,Cairistiona's Primary Psychologists,PHD
230,Nursing assistant,632432,Lettie's Which Thermal Insulators,Trade
231,Butler,13704,Clarey's Vigilant Cleaners,Trade
232,Typist,714825,Hortense's Plaintive Psychologists,PHD
233,Massage therapist,334633,Aila's Showy Park Rangers,Highschool
234,Merchant,377089,Adena's Wordy Loans Managers,MD
235,Print finisher,660278,Norine's Multicolored Textile Consultants,BS
236,Stationer,51077,Caresa's Caring Catering Managers,PHD
237,Racehorse groom,834282,Lois's Excited Medical Officers,Trade
238,Records supervisor,394870,Atlanta's Intent Pattern Cutters,Trade
239,Horse trader,573427,Leia's Dirty Litigation Managers,Trade
240,Stage mover,600916,Keslie's Exciting Cartographers,JD
241,Ambulance driver,611029,Mirabelle's Far Ornithologists,MD
242,Marble finisher,39200,Mitzi's Troubled Mining Consultants,MD
243,Careers advisor,29129,Raye's Unripe Radio Operators,JD
244,Property valuer,518170,Gwynne's Teeming Stewards,MS
245,Neurologist,57015,Marilyn's Normal Vehicle Assessors,MS
246,Seaman,697104,Traci's Charming Legal Executives,PHD
247,Geophysicist,418818,Ekaterina's Tangible Marine Geologists,BS
248,Prison officer,656843,Devan's Subdued Print Finishers,PHD
249,Tyre inspector,728955,Pammie's Faint Signwriters,Highschool
250,Radio engineer,659521,Morgana's Soft Private Investigators,Highschool
251,Ambulance crew,96498,Ninon's Revolving Balloonists,JD
252,General practitioner,49207,Marylou's Limited Project Managers,MD
253,Restaurateur,5533,Cecily's Female Stocktakers,BS
254,Researcher,337809,Roanna's Vigorous Meteorologists,PHD
255,Tax assistant,612588,Madelene's Broken Map Mounters,MS
256,Rent offcer,562156,Berri's Organic Security Officers,Trade
257,Civil engineer,844764,Jeniece's Fond Theatre Managers,BS
258,Laboratory analyst,196687,Vanya's Cheap Professional Racings,MD
259,Circus proprietor,975880,Kacy's Rural Private Investigators,MS
260,School inspector,21090,Joelly's Extra-small Packers,MS
261,Shipping officer,731409,Lorrie's Untidy Saddlers,PHD
262,Translator,795369,Jacky's Feline Palaeobotanists,Trade
263,Carpenter,577066,Lisha's Lame Marine Surveyors,Highschool
264,Acoustic engineer,930740,Consolata's Crushing Hospital Consultants,MS
265,Press operator,725657,Jessamyn's Flaky Technical Clerks,BS
266,Keep fit instructor,121515,Kameko's Blond Sales Managers,BS
267,Park ranger,313186,Carmen's Wild Professional Wrestlers,JD
268,Tachograph analyst,539436,Joyan's Plastic Vergers,PHD
269,Doctor,524296,Lila's Handy Warehousemans,BS
270,Bingo caller,31281,Anne-Corinne's Wavy Postmasters,PHD
271,Traffic warden,306218,Margo's Scratchy Quality Engineers,BS
272,Tug skipper,462275,Dredi's Chubby Chimney Sweeps,MD
273,Pet minder,207718,Arlinda's Stark Security Consultants,Trade
274,Palaeobotanist,595974,Colleen's Perky Accounts Clerks,MS
275,Recruitment consultant,627031,Brittni's Fearless Instructors,JD
276,Representative,962908,Linnet's Violent Town Clerks,MS
277,Sheriff clerk,346722,Martha's Ringed Locksmiths,BS
278,School crossing,178561,Wynne's Lost Stationers,BS
279,Pallet maker,471956,Cheri's Hideous Medical Physicists,Highschool
280,Rector,795007,Elysha's Misty Landowners,MS
281,Public house manager,772116,Raquela's Alert Scientists,MS
282,Lighting technician,519765,Marysa's Surprised Hypnotists,PHD
283,Reflexologist,275430,Barbette's Well-off Hot Foil Printers,MS
284,Cabinet maker,177996,Niki's Bewitched Motor Racings,Highschool
285,Civil engineer,356849,Thomasine's Self-assured Museum Attendants,Highschool
286,Research analyst,630699,Drucill's Impish Thermal Engineers,MD
287,Psychiatrist,634258,Kitty's Tedious Lightermans,MS
288,Classroom aide,268892,Emilia's Impolite Care Assistants,MS
289,Youth worker,794596,Randene's Unsung Production Hands,BS
290,Audiologist,751797,Sylvia's Damp Guest House Proprietors,BS
291,Butcher,577781,Farra's Sharp Butchers,MD
292,Artist,914217,Amargo's Smart Welfare Rights Officers,PHD
293,Clairvoyant,163882,Irene's Querulous Leaflet Distributors,PHD
294,Book binder,598442,Carmina's Delicious Gilders,MD
295,Jeweller,954995,Rita's Old-fashioned Research Directors,Highschool
296,Assistant cook,719403,Joanie's Extraneous Telecommunicationss,JD
297,Blind fitter,579625,Vevay's Revolving Market Researchers,JD
298,Industrial consultant,308198,Audie's Firm Marine Electricians,MD
299,Tacker,536536,Cristi's Euphoric Market Traders,PHD
300,Almoner,818274,Kathryne's Essential Legal Advisors,MD
301,Publishing manager,979595,Elisa's Darling Audit Managers,Trade
302,Merchant banker,404781,Kinna's Different Nursing Managers,MD
303,Parts supervisor,480318,Donnamarie's Lavish Landworkers,MD
304,Landowner,700297,Fidela's Enraged Purchase Clerks,BS
305,Caretaker,724077,Zonnya's Slim Training Instructors,MD
306,Pattern cutter,139899,Korella's Novel Show Jumpers,MD
307,Car dealer,244990,Miriam's Forceful Refractory Engineers,MS
308,Technical analyst,716600,Elbertine's Soupy Floor Layers,MD
309,Assessor,45773,Jody's Bogus Medical Assistants,JD
310,Airport manager,104830,Bria's Parched Product Installers,Highschool
311,Optical,12916,Cornelle's Rich Coroners,Highschool
312,Soldier,306751,Orly's False Industrial Consultants,PHD
313,Plastics consultant,144189,Bibi's Thankful Building Estimators,Highschool
314,Gaming board inspector,757529,Candis's Remorseful Letting Agents,JD
315,Postwoman,113629,Ciel's Massive Treasurers,MS
316,Tractor mechanic,462976,Midge's Sharp Tax Analysts,Highschool
317,Classroom aide,191876,Celie's Odd Marine Electricians,PHD
318,Cable contractor,243910,Katherine's Ethical Clairvoyants,JD
319,Meter reader,221797,Natty's Coarse Storemans,JD
320,Bank manager,318513,Gavrielle's Yummy Boat Builders,Trade
321,Graphologist,481324,Magdaia's Pretty Probation Officers,MS
322,Pathologist,892702,Rosalinde's Silver Reporters,MS
323,Toy maker,225594,Natalie's False Civil Servants,Trade
324,Furniture dealer,333888,Lilas's Quirky Lighthouse Keepers,Highschool
325,Wholesale newspaper,247623,Selene's Fortunate Accounts Staffs,BS
326,Lampshade maker,832248,Rycca's Authentic Purchasing Assistants,BS
327,Guest house owner,91071,Janka's Long-term Press Setters,PHD
328,Cartoonist,845226,Joyann's Stale Stock Managers,PHD
329,Goods handler,472771,Trudey's Upbeat School Crossings,BS
330,Care assistant,987022,Bellanca's Actual Machine Operators,JD
331,Ship broker,845077,Libbi's Wretched Illustrators,PHD
332,Nursing assistant,872738,Fianna's Snappy Decorators,JD
333,Research technician,262649,Susanne's Uniform Tax Managers,Trade
334,Refractory engineer,464564,Tilda's Dead Advertising Contractors,Highschool
335,Nursery worker,173470,Yalonda's Threadbare Press Setters,MS
336,Property dealer,336097,Liza's Dazzling Joinery Consultants,Highschool
337,Plastics engineer,498624,Bennie's Quarrelsome Plant Fitters,BS
338,Professional racing,861422,Jeni's Meager Gate Keepers,Highschool
339,Panel beater,303201,Aurie's Knobby Student Teachers,JD
340,Nursery worker,569197,Theresita's Oddball Guest House Proprietors,PHD
341,Bank messenger,729914,Reggie's Violet Airmans,MS
342,Stage director,641435,Mae's Left Insurance Brokers,MD
343,Industrial chemist,800640,Vinny's Funny Claims Assessors,PHD
344,Civil engineer,55579,Mariam's Third Quality Technicians,BS
345,Navigator,700595,Lula's Fearful Travel Guides,Highschool
346,Marketing director,435521,Veda's Dry Investment Managers,Highschool
347,Homecare manager,259916,Ulla's Agonizing School Inspectors,Trade
348,Occupations,734888,Nell's Faint Windscreen Fitters,Highschool
349,Quality controller,198819,Freddie's Loving Delivery Drivers,MD
350,Classroom aide,21454,Karen's Clumsy Foam Convertors,MD
351,Telex operator,879386,Pierrette's Admired Wood Workers,JD
352,Research analyst,649197,Stephana's Complete Vehicle Body Workers,Highschool
353,Painter,884745,Mirna's Usable Book Binders,MD
354,Research technician,841578,Elisabet's Emotional Vergers,PHD
355,Caulker,665300,Eleen's Trim Systems Analysts,PHD
356,Cable jointer,848095,Novelia's Relieved Researchers,Highschool
357,Gamekeeper,69378,Loralie's Unwitting Administration Staffs,MS
358,Recruitment consultant,299716,Benita's Early Gallery Owners,MD
359,Clerk,261458,Tarrah's Cool Sound Technicians,JD
360,Mining engineer,831319,Geneva's Pretty Land Agents,MS
361,Turf accountant,441503,Jesselyn's Flashy Astronomers,BS
362,Art critic,532867,Gayla's Solid Drivers,JD
363,Casual worker,824417,Annabelle's Apprehensive Merchant Bankers,MD
364,Technician,128354,Maridel's Simple Hearing Therapists,BS
365,Chartered accountant,74752,Drucy's Eminent Probation Workers,PHD
366,Instrument technician,808215,Gussy's Cooperative Caulkers,PHD
367,Medical secretary,834692,Patience's Wee Night Watchmans,PHD
368,Travel guide writer,747534,Adara's Muffled Recorders,Highschool
369,Playgroup leader,955960,Anestassia's Utilized Homeopaths,Highschool
370,Publicity manager,234434,Merlina's Svelte Wholesale Newspapers,Highschool
371,Landlady,841791,Holly's Admirable Administrators,PHD
372,Tree feller,758436,Rosanne's Blue Joinery Consultants,MS
373,Professional racing,516151,Andra's Flimsy Tractor Drivers,Highschool
374,Goods handler,333974,Tammi's Sizzling China Restorers,Trade
375,Building manager,914811,Carolin's Lavish Auditors,PHD
376,Medical secretary,914413,Tana's Smoggy Refrigeration Engineers,Highschool
377,Administration assistant,106067,Flossi's Noteworthy Project Managers,PHD
378,Tug skipper,25490,Bernelle's Athletic Editors,MD
379,Saleswoman,56049,Laurel's Handsome Cleaners,Trade
380,Tour agent,754977,Billie's Tired Milkladys,PHD
381,Nursing auxiliary,142847,Renell's Long-term Traffic Wardens,JD
382,Medical consultant,770733,Morena's Potable Secretarys,MD
383,Bingo caller,856250,Ellen's Welcome Tractor Mechanics,Highschool
384,Theatre manager,33896,Chelsae's Frank Flying Instructors,PHD
385,Bookmaker,382625,Wrennie's Hefty Window Cleaners,BS
386,Maid,330969,Idell's Oval Scientists,JD
387,Neurologist,361929,Orelia's Witty Lithographers,JD
388,Vehicle assessor,939655,Eleen's Capital Recreationals,PHD
389,Plasterer,753985,Lou's Able Health Advisors,JD
390,Log merchant,156288,Mela's Unequaled Postwomans,BS
391,Radio controller,859633,Natalee's Dreary Lightermans,MD
392,Radio producer,467055,Shaylyn's Optimal Hospital Workers,JD
393,Cartoonist,324729,Lorilyn's Delirious Farmers,MD
394,Stage mover,882796,Annmarie's Kindhearted Motor Fitters,BS
395,Radio controller,68337,Michaella's Yellowish Undertakers,MD
396,Ceiling fixer,345595,Yalonda's Warped Payroll Managers,MD
397,Operations,242688,Coraline's Functional Milkmans,BS
398,Student,669961,Margot's Outstanding Shot Blasters,MD
399,Leather worker,656651,Kaia's Attached Relocation Agents,Highschool
400,Solicitor,261567,Barb's Sweaty Nursery Nurses,BS
401,Homeopath,605695,Elsy's Elliptical Turners,JD
402,Underwriter,855581,Veronica's Big Sub-Postmasters,PHD
403,Training assistant,505679,Cornelia's Beautiful Wood Cutters,JD
404,Councillor,251944,Pen's Adventurous Roofers,Highschool
405,Insurance broker,525474,Ernaline's Obedient Induction Moulders,Trade
406,Transport consultant,507255,Chere's Gleeful Literary Editors,BS
407,Motor dealer,484491,Avrit's Winding Recreationals,BS
408,Locksmith,521962,Benita's Grimy Tilers,BS
409,Road safety officer,381237,Cassondra's Ripe Linemans,BS
410,Marine engineer,786975,Mechelle's Demanding Laboratory Analysts,Highschool
411,Magistrates clerk,267704,Gill's Periodic Orchestrals,PHD
412,Professional racing,477474,Fey's Black Joinery Consultants,MD
413,Circus proprietor,915709,Willi's Misguided Furriers,PHD
414,Bus driver,193843,Indira's Striking Recreationals,Highschool
415,Aircraft maintenance engineer,73823,Flossi's Jumpy Caterers,BS
416,Precision engineer,790289,Roanna's Appropriate Retireds,MD
417,Delivery driver,12284,Glad's Courteous Cafe Workers,MD
418,Outreach worker,732570,Trish's Salty Line Workers,MS
419,Marketing agent,50219,Tybi's Frosty Scientific Officers,MS
420,Salesman,185744,Ginelle's Smart Share Dealers,PHD
421,Shop proprietor,533936,Estrella's Sinful Audit Clerks,PHD
422,Parts man,226630,Susannah's Prime Chicken Chasers,MS
423,Purchasing manager,142515,Louella's Tasty Security Consultants,Highschool
424,Ornamental,227222,Latashia's Far-off Production Engineers,MD
425,Video artist,652585,Lizabeth's Giving Tree Fellers,Trade
426,Hotelier,910918,Alis's Frightened Cargo Operators,MS
427,Roof tiler,750315,Pavia's Compassionate Technical Directors,MD
428,Press officer,169038,Orsola's Heavy Blind Assemblers,Trade
429,Instructor,938190,Jaquenette's Cool Business Proprietors,JD
430,Advertising executive,665584,Samantha's Key Classroom Aides,Trade
431,Pig man,993757,Kissie's Quixotic Pig Mans,MD
432,Labelling operator,907631,Benetta's Worthless Works Managers,JD
433,Transport clerk,754110,Dari's Active Post Sorters,MS
434,Heating engineer,94263,Mimi's Qualified Catering Managers,JD
435,Postmaster,408461,Desirae's Good-natured Arborists,MS
436,Charity worker,767966,Dianemarie's Thirsty Opera Singers,JD
437,Agent,170278,Mady's Stale Lecturers,Highschool
438,Accountant,891004,Rhonda's Creepy Slaughtermans,Highschool
439,Leaflet distributor,441833,Aleda's Artistic Merchandisers,BS
440,Security guard,407205,Devinne's Thin Procurator Fiscals,Highschool
441,Housing assistant,803918,Steffie's Natural Smallholders,PHD
442,Technical instructor,304860,Sunny's Darling Shoe Repairers,PHD
443,Turkey farmer,960694,Sashenka's Chilly Ceiling Contractors,MD
444,Car salesman,546773,Enrichetta's Pitiful Technical Liaisons,JD
445,Cable tv installer,731234,Lianna's Untimely Packers,Trade
446,Claims manager,101106,Lynde's Crafty Researchers,MS
447,Inventor,663060,Gnni's Fond Cartographers,MS
448,Map mounter,791134,Vita's Svelte Military Leaders,JD
449,Funeral director,624142,Margarita's Big Shoe Makers,Trade
450,Purchasing manager,687024,Corrinne's Last Technicians,Trade
451,Instrument maker,263377,Kip's Well-to-do Marketing Coordinators,Trade
452,Teacher,411110,Oralla's Silver Tunnellers,BS
453,Teacher,238325,Merna's Ready Marble Masons,MD
454,Wood worker,840266,Joellyn's Definitive Playgroup Leaders,PHD
455,Roofer,227516,Emlynne's Poised Medical Researchers,MS
456,Property manager,69904,Diana's Stormy Farmers,PHD
457,Building foreman,658624,Yevette's Pertinent Wood Carvers,MD
458,Bar steward,18807,Lorry's Arctic Sub-Postmasters,MD
459,School inspector,816916,Allys's Beloved Nurserymans,Highschool
460,Hospital warden,25070,Amy's Gregarious Assistant Teachers,BS
461,Motor mechanic,854956,Lyndy's Impure Building Managers,JD
462,Watchmaker,428992,Dulci's Second Medical Researchers,BS
463,Paramedic,477256,Marrissa's Corrupt Sales Executives,Highschool
464,Arts,395220,Elie's Worthless Paediatricians,MD
465,Physicist,369893,Tony's Glass Tractor Drivers,Highschool
466,Machine tool fitter,83162,Meghan's Amused Veterinary Surgeons,MS
467,Coroner,243150,Malinde's Adolescent Painters,MD
468,Marquee erector,784387,Cordelie's Arctic Car Wash Attendants,BS
469,Road sweeper,94439,Sonia's Ideal Gravel Merchants,BS
470,Car valet,716729,Nicolette's Frayed Nuclear Scientists,PHD
471,Quality manager,680723,Chiarra's Mindless Gas Technicians,Highschool
472,Paediatrician,130077,Rana's Sturdy Furriers,PHD
473,Mechanic,235543,Sibley's Mindless Carpet Retailers,Highschool
474,Golf caddy,258382,Nettle's Foolish Calibration Managers,MD
475,Nurse,745286,Ethelin's Snarling Gaming Board Inspectors,JD
476,Telephone engineer,820466,Pauli's Multicolored Wholesale Newspapers,MS
477,Acoustic engineer,522960,Randene's Grounded Research Directors,JD
478,Tea taster,122140,Jacqueline's Weak Pig Managers,Trade
479,Racehorse groom,112992,Loni's Limp English Teachers,JD
480,Tax assistant,656502,Kare's Ill-informed Transport Engineers,PHD
481,Bodyguard,588348,Micky's Glum Publicity Managers,Trade
482,Carpet retailer,168266,Hettie's Feisty Site Engineers,BS
483,Scrap dealer,680492,Pansie's Used Pipe Layers,MD
484,Transcriber,499621,Merralee's Zigzag Health Planners,BS
485,Portfolio manager,401166,Bettina's Total Students,MS
486,Homeworker,879952,Guenevere's Plain Sportspersons,MS
487,Project manager,854459,Addi's Shady Sub-Postmasters,MD
488,Hairdresser,733148,Clementina's Unkempt Tax Analysts,PHD
489,Planning technician,785027,Saraann's Enchanting Organisers,MD
490,Porter,616599,Rosetta's Traumatic Legal Assistants,PHD
491,Pastry chef,21660,Neille's Gleeful Project Managers,Highschool
492,Office manager,877186,Nelia's Scarce Claims Managers,MS
493,Market research,201196,Clareta's Illiterate Milkmans,Highschool
494,Shop keeper,134745,Drusy's Funny Waitresss,Highschool
495,Sportsperson,956113,Elfreda's Frugal Repairers,JD
496,Technical manager,760916,Josey's Skeletal Preachers,Highschool
497,Care manager,42969,Philippe's Punctual Video Artists,Trade
498,Archaeologist,220443,Bobbye's Delightful Hairdressers,PHD
499,Lighthouse keeper,576237,Priscella's Nasty Grocers,JD
500,Newsagent,491186,Louella's Rowdy Shop Assistants,JD
