fname,lname,job,home
Arden,<tr>,,
Keeley,</td>,,
Romy,<tr>,,
Jaquelin,"<td id=""L7094"" class=""blob-num js-line-number"" data-line-number=""7094""></td>",,
Luce,"<td id=""L7394"" class=""blob-num js-line-number"" data-line-number=""7394""></td>",,
Dela,<tr>,,
Kassandra,<tr>,,
Hallie,"<td id=""L2176"" class=""blob-num js-line-number"" data-line-number=""2176""></td>",,
Ermentrude,"<td id=""LC15350"" class=""blob-code blob-code-inner js-file-line"">Oleta",,
Edy,"<td id=""L8403"" class=""blob-num js-line-number"" data-line-number=""8403""></td>",,
Jeanie,"<td id=""LC3283"" class=""blob-code blob-code-inner js-file-line"">Cari",,
Teresita,"<td id=""L12"" class=""blob-num js-line-number"" data-line-number=""12""></td>",,
Valaria,"<td id=""L21752"" class=""blob-num js-line-number"" data-line-number=""21752""></td>",,
Alexis,</tr>,,
Darcee,</td>,,
Bride,</tr>,,
Essie,"<td id=""LC4912"" class=""blob-code blob-code-inner js-file-line"">Daune",,
Tani,"<td id=""LC3926"" class=""blob-code blob-code-inner js-file-line"">Cindie",,
Ivy,"<td id=""L10885"" class=""blob-num js-line-number"" data-line-number=""10885""></td>",,
Stormy,</tr>,,
Juli,"<td id=""LC17521"" class=""blob-code blob-code-inner js-file-line"">Rossuck",,
Idaline,</td>,,
Catie,</td>,,
Faunie,</tr>,,
Trixy,</tr>,,
Ofelia,"<td id=""LC11561"" class=""blob-code blob-code-inner js-file-line"">Krever",,
Zaneta,</tr>,,
Midge,</td>,,
Miriam,"<td id=""LC21131"" class=""blob-code blob-code-inner js-file-line"">Way",,
Merry,</td>,,
Erinn,</tr>,,
Brett,<tr>,,
Tracey,<tr>,,
Audrey,</tr>,,
Amii,<tr>,,
Berry,</tr>,,
Agnesse,"<td id=""LC348"" class=""blob-code blob-code-inner js-file-line"">Akerley",,
Clari,<tr>,,
Jilleen,"<td id=""LC5146"" class=""blob-code blob-code-inner js-file-line"">Derrick",,
Daisi,"<td id=""LC11023"" class=""blob-code blob-code-inner js-file-line"">Keith",,
Codee,</tr>,,
Adel,<tr>,,
Rubi,"<td id=""L7961"" class=""blob-num js-line-number"" data-line-number=""7961""></td>",,
Carissa,"<td id=""L15187"" class=""blob-num js-line-number"" data-line-number=""15187""></td>",,
Gerianne,</tr>,,
Starla,</tr>,,
Nikki,"<td id=""L15362"" class=""blob-num js-line-number"" data-line-number=""15362""></td>",,
Esther,"<td id=""LC13361"" class=""blob-code blob-code-inner js-file-line"">Marice",,
Pamelina,"<td id=""LC4421"" class=""blob-code blob-code-inner js-file-line"">Cosetta",,
Carolan,</tr>,,
Dacey,<tr>,,
Roch,"<td id=""L5846"" class=""blob-num js-line-number"" data-line-number=""5846""></td>",,
Angy,</td>,,
Catriona,<tr>,,
Elle,</td>,,
Camilla,</td>,,
Charisse,</td>,,
Peri,"<td id=""L5741"" class=""blob-num js-line-number"" data-line-number=""5741""></td>",,
Albina,<tr>,,
Lolly,"<link rel=""fluid-icon"" href=""https://github.com/fluidicon.png"" title=""GitHub"">",,
Steffie,</tr>,,
Adriana,</tr>,,
Carlota,"<td id=""L3198"" class=""blob-num js-line-number"" data-line-number=""3198""></td>",,
Kris,<tr>,,
Sharl,"<td id=""LC3604"" class=""blob-code blob-code-inner js-file-line"">Chalmer",,
Robbi,</tr>,,
Sayre,<tr>,,
Susan,</tr>,,
Alis,</td>,,
Blinny,"<td id=""L16635"" class=""blob-num js-line-number"" data-line-number=""16635""></td>",,
Aleta,</tr>,,
Karita,</tr>,,
Magdaia,</tr>,,
Irina,</tr>,,
Leanora,</td>,,
Staci,</td>,,
Milka,"<td id=""L8415"" class=""blob-num js-line-number"" data-line-number=""8415""></td>",,
Fredi,</tr>,,
Clareta,</tr>,,
Pearle,</td>,,
Midge,</tr>,,
Emilia,"<td id=""LC5371"" class=""blob-code blob-code-inner js-file-line"">Doe",,
Margareta,</td>,,
Blake,</td>,,
Inessa,</tr>,,
Latrena,<tr>,,
Stefa,"<td id=""LC21614"" class=""blob-code blob-code-inner js-file-line"">Xavler",,
Valeda,"<td id=""L3744"" class=""blob-num js-line-number"" data-line-number=""3744""></td>",,
Aubine,</tr>,,
Judy,<tr>,,
Kaylee,</tr>,,
Janean,<tr>,,
Birgit,</td>,,
Jorie,"<td id=""LC21835"" class=""blob-code blob-code-inner js-file-line"">Zebulon",,
Vere,</tr>,,
Alys,</tr>,,
Ermentrude,<tr>,,
Lorianna,</td>,,
Albertina,<tr>,,
Trixy,<tr>,,
Liv,</tr>,,
Anabal,"<td id=""L10057"" class=""blob-num js-line-number"" data-line-number=""10057""></td>",,
Cristy,<tr>,,
Catlee,"<td id=""L11267"" class=""blob-num js-line-number"" data-line-number=""11267""></td>",,
Vinnie,"<td id=""LC18320"" class=""blob-code blob-code-inner js-file-line"">Serilda",,
Stephie,"<td id=""LC2888"" class=""blob-code blob-code-inner js-file-line"">Bruning",,
Andra,</td>,,
Sheila-Kathryn,</tr>,,
Nanci,"<td id=""L10232"" class=""blob-num js-line-number"" data-line-number=""10232""></td>",,
Brenna,<tr>,,
Vi,"<td id=""L11666"" class=""blob-num js-line-number"" data-line-number=""11666""></td>",,
Row,</tr>,,
Myrna,"<td id=""LC5988"" class=""blob-code blob-code-inner js-file-line"">Eilis",,
Caril,<tr>,,
Star,</tr>,,
Rochella,</td>,,
Ajay,</td>,,
Vivia,"<td id=""L19580"" class=""blob-num js-line-number"" data-line-number=""19580""></td>",,
Ramona,"<td id=""LC2956"" class=""blob-code blob-code-inner js-file-line"">Bullivant",,
Sherrie,</tr>,,
Tera,<tr>,,
Jeralee,<tr>,,
Lara,"<td id=""L13756"" class=""blob-num js-line-number"" data-line-number=""13756""></td>",,
Shalne,"<td id=""L4994"" class=""blob-num js-line-number"" data-line-number=""4994""></td>",,
Fedora,</tr>,,
Florette,</tr>,,
Bibbie,"<td id=""L13203"" class=""blob-num js-line-number"" data-line-number=""13203""></td>",,
Angelique,<tr>,,
Jackqueline,"<td id=""L10730"" class=""blob-num js-line-number"" data-line-number=""10730""></td>",,
Gillie,</td>,,
Charil,</td>,,
Lydia,<tr>,,
Paloma,</tr>,,
Annabelle,</tr>,,
Mahala,<tr>,,
Cthrine,<tr>,,
Marie-Jeanne,</tr>,,
Gabi,</tr>,,
Martina,</td>,,
Casie,"<td id=""LC20148"" class=""blob-code blob-code-inner js-file-line"">Tore",,
Reggi,</tr>,,
Roanna,</td>,,
Kayla,</tr>,,
Joycelin,<tr>,,
Guillema,<tr>,,
Althea,</td>,,
Goldie,</tr>,,
Mari,</td>,,
Tana,"<td id=""LC10132"" class=""blob-code blob-code-inner js-file-line"">Jansen",,
Blisse,<tr>,,
Flss,</tr>,,
Colline,</td>,,
Corella,<tr>,,
Rachele,<tr>,,
Sabine,<tr>,,
Riki,</td>,,
Naomi,"<td id=""LC103"" class=""blob-code blob-code-inner js-file-line"">Adali",,
Minny,,,
Yasmeen,"<td id=""L4828"" class=""blob-num js-line-number"" data-line-number=""4828""></td>",,
Cloris,"<td id=""LC12352"" class=""blob-code blob-code-inner js-file-line"">Lidah",,
Anjanette,"<td id=""L3455"" class=""blob-num js-line-number"" data-line-number=""3455""></td>",,
Tawnya,"<td id=""L14121"" class=""blob-num js-line-number"" data-line-number=""14121""></td>",,
Dita,"<td id=""L21758"" class=""blob-num js-line-number"" data-line-number=""21758""></td>",,
Helene,</td>,,
Jada,"<td id=""L14283"" class=""blob-num js-line-number"" data-line-number=""14283""></td>",,
Morna,</td>,,
Philly,</td>,,
Bellanca,<tr>,,
Grata,"<td id=""LC20606"" class=""blob-code blob-code-inner js-file-line"">Valenta",,
Ardelia,"<td id=""L15838"" class=""blob-num js-line-number"" data-line-number=""15838""></td>",,
Alanah,</td>,,
Martina,</td>,,
Gabie,"<td id=""LC15062"" class=""blob-code blob-code-inner js-file-line"">Nishi",,
Selina,"<td id=""L6064"" class=""blob-num js-line-number"" data-line-number=""6064""></td>",,
Merrill,"<td id=""LC4419"" class=""blob-code blob-code-inner js-file-line"">Cos",,
Jordan,</tr>,,
Jordain,</td>,,
Rosabella,<tr>,,
Kerrill,"<td id=""L18508"" class=""blob-num js-line-number"" data-line-number=""18508""></td>",,
Nerte,"<td id=""LC7352"" class=""blob-code blob-code-inner js-file-line"">Frisse",,
Vicky,"<td id=""LC8763"" class=""blob-code blob-code-inner js-file-line"">Harland",,
Arlyne,</td>,,
Georgeta,<tr>,,
Daphene,</tr>,,
Nollie,<tr>,,
Ericha,"<td id=""LC20301"" class=""blob-code blob-code-inner js-file-line"">Trix",,
Marlie,"<td id=""L14929"" class=""blob-num js-line-number"" data-line-number=""14929""></td>",,
Joella,"<td id=""L17994"" class=""blob-num js-line-number"" data-line-number=""17994""></td>",,
Willamina,"<td id=""LC17920"" class=""blob-code blob-code-inner js-file-line"">Santoro",,
Saundra,<tr>,,
Janetta,</tr>,,
Zilvia,</td>,,
Monique,</tr>,,
Elke,<tr>,,
Tiphany,</tr>,,
Jacynth,</tr>,,
Sylvia,<tr>,,
Karry,</td>,,
Annice,<tr>,,
Theadora,"<td id=""LC7263"" class=""blob-code blob-code-inner js-file-line"">Frasch",,
Minne,</td>,,
Constance,"<td id=""LC12472"" class=""blob-code blob-code-inner js-file-line"">Lipman",,
Nikki,</td>,,
Larisa,</tr>,,
Joye,</td>,,
Kare,<tr>,,
Lyndsey,"<td id=""L10254"" class=""blob-num js-line-number"" data-line-number=""10254""></td>",,
Maurita,"<td id=""LC18038"" class=""blob-code blob-code-inner js-file-line"">Schaffel",,
Gennie,<tr>,,
Lynne,"<td id=""LC7466"" class=""blob-code blob-code-inner js-file-line"">Gainer",,
Ashely,</td>,,
Valerye,"<td id=""L18331"" class=""blob-num js-line-number"" data-line-number=""18331""></td>",,
Manda,"<td id=""LC6134"" class=""blob-code blob-code-inner js-file-line"">Ellison",,
Cicily,"<td id=""LC17224"" class=""blob-code blob-code-inner js-file-line"">Rivera",,
Vilma,"<td id=""LC19942"" class=""blob-code blob-code-inner js-file-line"">Thurlough",,
Rhianon,</td>,,
Aprilette,"<td id=""L2197"" class=""blob-num js-line-number"" data-line-number=""2197""></td>",,
Gnni,</td>,,
Arleyne,"<td id=""LC21063"" class=""blob-code blob-code-inner js-file-line"">Wane",,
Cherey,"<td id=""L18583"" class=""blob-num js-line-number"" data-line-number=""18583""></td>",,
Abbye,</tr>,,
Isa,</tr>,,
Gusty,"<td id=""L1413"" class=""blob-num js-line-number"" data-line-number=""1413""></td>",,
Jeannie,"<td id=""L907"" class=""blob-num js-line-number"" data-line-number=""907""></td>",,
Annecorinne,"<td id=""L20248"" class=""blob-num js-line-number"" data-line-number=""20248""></td>",,
Clementia,</tr>,,
Catrina,"<td id=""L16523"" class=""blob-num js-line-number"" data-line-number=""16523""></td>",,
Nancy,</td>,,
Noreen,"<td id=""LC17032"" class=""blob-code blob-code-inner js-file-line"">Rettig",,
Elisabet,"<td id=""L20710"" class=""blob-num js-line-number"" data-line-number=""20710""></td>",,
Anselma,"<td id=""LC10538"" class=""blob-code blob-code-inner js-file-line"">Jones",,
Mariele,<tr>,,
Letta,</tr>,,
Erminie,</td>,,
Leann,<tr>,,
Sallie,<tr>,,
Anatola,"<td id=""LC10043"" class=""blob-code blob-code-inner js-file-line"">Jahdal",,
Bren,<tr>,,
Lauraine,"<td id=""LC2414"" class=""blob-code blob-code-inner js-file-line"">Bodi",,
Jemmie,"<td id=""LC1392"" class=""blob-code blob-code-inner js-file-line"">Atul",,
Birdie,</td>,,
Joela,"<svg x=""0px"" y=""0px"" viewBox=""0 0 14 8"" xml:space=""preserve"" fill=""none"" class=""icon-chevon-down-mktg position-absolute position-lg-relative"">",,
Ranice,<tr>,,
Sayre,"<td id=""L196"" class=""blob-num js-line-number"" data-line-number=""196""></td>",,
Lynnet,"<td id=""LC7643"" class=""blob-code blob-code-inner js-file-line"">Gawain",,
Candra,"<td id=""LC17553"" class=""blob-code blob-code-inner js-file-line"">Rowena",,
Myrtice,<tr>,,
Shel,<tr>,,
Jackquelin,</tr>,,
Marnie,"<td id=""LC4905"" class=""blob-code blob-code-inner js-file-line"">Dasya",,
Sibylla,"<td id=""L2238"" class=""blob-num js-line-number"" data-line-number=""2238""></td>",,
Jolyn,"<td id=""L4178"" class=""blob-num js-line-number"" data-line-number=""4178""></td>",,
Gabriel,"<td id=""LC5371"" class=""blob-code blob-code-inner js-file-line"">Doe",,
Mable,"<td id=""LC17032"" class=""blob-code blob-code-inner js-file-line"">Rettig",,
Kevyn,"<td id=""L16635"" class=""blob-num js-line-number"" data-line-number=""16635""></td>",,
Shara,"<td id=""LC7263"" class=""blob-code blob-code-inner js-file-line"">Frasch",,
Daile,"<td id=""L14283"" class=""blob-num js-line-number"" data-line-number=""14283""></td>",,
Angelita,"<td id=""L7394"" class=""blob-num js-line-number"" data-line-number=""7394""></td>",,
Tallie,"<td id=""LC1392"" class=""blob-code blob-code-inner js-file-line"">Atul",,
Layney,"<td id=""L12"" class=""blob-num js-line-number"" data-line-number=""12""></td>",,
Kit,"<td id=""L10730"" class=""blob-num js-line-number"" data-line-number=""10730""></td>",,
Bridget,"<td id=""LC17224"" class=""blob-code blob-code-inner js-file-line"">Rivera",,
Robenia,"<td id=""LC15350"" class=""blob-code blob-code-inner js-file-line"">Oleta",,
Nancie,"<td id=""LC4419"" class=""blob-code blob-code-inner js-file-line"">Cos",,
Barbra,"<td id=""L18583"" class=""blob-num js-line-number"" data-line-number=""18583""></td>",,
Deana,"<td id=""L18508"" class=""blob-num js-line-number"" data-line-number=""18508""></td>",,
Klarrisa,"<td id=""LC10538"" class=""blob-code blob-code-inner js-file-line"">Jones",,
Lavinia,"<td id=""LC21063"" class=""blob-code blob-code-inner js-file-line"">Wane",,
Emmaline,"<td id=""L10885"" class=""blob-num js-line-number"" data-line-number=""10885""></td>",,
Elka,"<td id=""L2197"" class=""blob-num js-line-number"" data-line-number=""2197""></td>",,
Alta,"<td id=""L10885"" class=""blob-num js-line-number"" data-line-number=""10885""></td>",,
Daffi,"<td id=""LC3283"" class=""blob-code blob-code-inner js-file-line"">Cari",,
Lynna,"<link rel=""fluid-icon"" href=""https://github.com/fluidicon.png"" title=""GitHub"">",,
Joelie,"<td id=""L196"" class=""blob-num js-line-number"" data-line-number=""196""></td>",,
Robinetta,"<td id=""LC18320"" class=""blob-code blob-code-inner js-file-line"">Serilda",,
Pat,"<td id=""L8403"" class=""blob-num js-line-number"" data-line-number=""8403""></td>",,
Lacee,"<td id=""LC3926"" class=""blob-code blob-code-inner js-file-line"">Cindie",,
Ingeberg,"<td id=""L2238"" class=""blob-num js-line-number"" data-line-number=""2238""></td>",,
Demeter,"<td id=""LC348"" class=""blob-code blob-code-inner js-file-line"">Akerley",,
Carilyn,"<td id=""LC15062"" class=""blob-code blob-code-inner js-file-line"">Nishi",,
Regan,"<td id=""LC4421"" class=""blob-code blob-code-inner js-file-line"">Cosetta",,
Shellie,"<td id=""L14929"" class=""blob-num js-line-number"" data-line-number=""14929""></td>",,
Celka,"<td id=""L14929"" class=""blob-num js-line-number"" data-line-number=""14929""></td>",,
Katrina,"<td id=""L15187"" class=""blob-num js-line-number"" data-line-number=""15187""></td>",,
Glennie,"<td id=""L8415"" class=""blob-num js-line-number"" data-line-number=""8415""></td>",,
Vernice,"<td id=""LC17521"" class=""blob-code blob-code-inner js-file-line"">Rossuck",,
Victoria,"<td id=""LC4912"" class=""blob-code blob-code-inner js-file-line"">Daune",,
Lynnette,"<td id=""L196"" class=""blob-num js-line-number"" data-line-number=""196""></td>",,
Allianora,"<td id=""L10057"" class=""blob-num js-line-number"" data-line-number=""10057""></td>",,
Dorice,"<td id=""L12"" class=""blob-num js-line-number"" data-line-number=""12""></td>",,
Gerianne,"<td id=""L14929"" class=""blob-num js-line-number"" data-line-number=""14929""></td>",,
Starla,"<td id=""L20710"" class=""blob-num js-line-number"" data-line-number=""20710""></td>",,
Carine,"<td id=""LC13361"" class=""blob-code blob-code-inner js-file-line"">Marice",,
Olly,"<td id=""L10730"" class=""blob-num js-line-number"" data-line-number=""10730""></td>",,
Jewell,"<td id=""L4828"" class=""blob-num js-line-number"" data-line-number=""4828""></td>",,
Sandi,"<td id=""L15187"" class=""blob-num js-line-number"" data-line-number=""15187""></td>",,
Danice,"<td id=""L13203"" class=""blob-num js-line-number"" data-line-number=""13203""></td>",,
Violetta,"<td id=""L18583"" class=""blob-num js-line-number"" data-line-number=""18583""></td>",,
Brenna,"<td id=""LC21614"" class=""blob-code blob-code-inner js-file-line"">Xavler",,
Rania,"<td id=""LC15062"" class=""blob-code blob-code-inner js-file-line"">Nishi",,
